{
  "experiment_name": "benedum-12-showcase",
  "method_name": "splatfacto",
  "checkpoint": "outputs/benedum-12-showcase/splatfacto/2025-12-03_235937/nerfstudio_models/step-000002000.ckpt",
  "results": {
    "psnr": 17.46335220336914,
    "psnr_std": 1.6031646728515625,
    "ssim": 0.6974577903747559,
    "ssim_std": 0.06165232136845589,
    "lpips": 0.6310956478118896,
    "lpips_std": 0.049709565937519073,
    "num_rays_per_sec": 47394716.0,
    "num_rays_per_sec_std": 19458794.0,
    "fps": 3.8893673419952393,
    "fps_std": 1.5968530178070068
  }
}